ts,frame_idx,t_total_ms,t_refresh_ms,t_predict_ms,fps_inst,fps_avg,pupil_norm_x,pupil_norm_y,pred_norm_x,pred_norm_y,pred_screen_x,pred_screen_y
2025-08-26 16:35:35,0,80.88,79.72,1.17,0.7,0.7,0.4715,0.0437,0.0,0.0,0,0
2025-08-26 16:35:35,1,51.66,50.57,1.09,3.92,2.31,0.4649,0.0568,0.0,0.0,0,0
2025-08-26 16:35:36,2,56.15,54.26,1.9,9.14,4.59,0.4601,0.0724,0.0,0.0,0,0
2025-08-26 16:35:36,3,53.49,52.4,1.08,5.05,4.7,0.4543,0.0854,0.0,0.0,0,0
2025-08-26 16:35:36,4,53.34,52.21,1.13,5.09,4.78,0.4467,0.0979,0.0,0.0,0,0
2025-08-26 16:35:36,5,65.72,64.59,1.13,4.65,4.76,0.4389,0.1115,0.0,0.0,0,0
2025-08-26 16:35:36,6,65.3,63.88,1.41,5.02,4.8,0.4293,0.1234,0.0,0.0,0,0
2025-08-26 16:35:37,7,64.67,63.47,1.2,5.02,4.82,0.4231,0.1307,0.0,0.0,0,0
2025-08-26 16:35:37,8,64.92,63.74,1.17,4.99,4.84,0.4182,0.137,0.0,0.0,0,0
2025-08-26 16:35:37,9,65.26,64.11,1.14,4.99,4.86,0.4166,0.1432,0.0,0.0,0,0
2025-08-26 16:35:37,10,64.7,63.54,1.16,5.02,4.87,0.416,0.1448,0.0,0.0,0,0
2025-08-26 16:35:37,11,64.78,63.59,1.2,4.99,4.88,0.4179,0.1469,0.0,0.0,0,0
2025-08-26 16:35:38,12,51.31,50.19,1.12,5.38,4.92,0.4198,0.1458,0.0,0.0,0,0
2025-08-26 16:35:38,13,65.4,64.16,1.24,4.66,4.9,0.4217,0.1495,0.0,0.0,0,0
2025-08-26 16:35:38,14,65.79,64.65,1.14,4.99,4.91,0.4242,0.1568,0.0,0.0,0,0
2025-08-26 16:35:38,15,64.56,63.38,1.17,5.03,4.91,0.4258,0.1667,0.0,0.0,0,0
2025-08-26 16:35:38,16,65.8,64.65,1.15,4.98,4.92,0.4342,0.1495,0.0,0.0,0,0
2025-08-26 16:35:39,17,68.36,66.9,1.47,4.93,4.92,0.4223,0.1568,0.0,0.0,0,0
2025-08-26 16:35:39,18,67.55,66.15,1.41,5.03,4.92,0.4231,0.1547,0.0,0.0,0,0
2025-08-26 16:35:39,19,67.92,66.57,1.35,4.99,4.93,0.4236,0.1526,0.0,0.0,0,0
2025-08-26 16:35:39,20,67.19,65.57,1.63,5.02,4.93,0.4261,0.1552,0.0,0.0,0,0
2025-08-26 16:35:39,21,66.0,64.79,1.21,5.12,4.94,0.4261,0.1297,0.0,0.0,0,0
2025-08-26 16:35:40,22,67.39,66.05,1.34,4.97,4.94,0.4234,0.124,0.0,0.0,0,0
2025-08-26 16:35:40,23,65.9,64.71,1.19,5.04,4.95,0.4236,0.1271,0.0,0.0,0,0
2025-08-26 16:35:40,24,64.78,63.45,1.33,4.94,4.95,0.4261,0.1292,0.0,0.0,0,0
2025-08-26 16:35:40,25,63.29,61.64,1.65,5.04,4.95,0.431,0.1354,0.0,0.0,0,0
2025-08-26 16:35:40,26,64.75,63.15,1.6,4.95,4.95,0.4356,0.1385,0.0,0.0,0,0
2025-08-26 16:35:41,27,67.94,66.4,1.54,5.02,4.95,0.4367,0.1422,0.0,0.0,0,0
2025-08-26 16:35:41,28,67.0,65.38,1.62,5.03,4.95,0.4351,0.1453,0.0,0.0,0,0
2025-08-26 16:35:41,29,66.93,65.32,1.62,5.0,4.96,0.4356,0.1547,0.0,0.0,0,0
2025-08-26 16:35:41,30,66.89,65.33,1.56,5.0,4.96,0.4375,0.1609,0.0,0.0,0,0
2025-08-26 16:35:41,31,67.09,65.44,1.65,5.0,4.96,0.4399,0.1714,0.0,0.0,0,0
2025-08-26 16:35:42,32,66.85,65.22,1.63,5.01,4.96,0.441,0.1682,0.0,0.0,0,0
2025-08-26 16:35:42,33,67.36,66.1,1.26,4.97,4.96,0.444,0.1693,0.0,0.0,0,0
2025-08-26 16:35:42,34,64.65,63.39,1.26,5.07,4.96,0.4541,0.1719,0.0,0.0,0,0
2025-08-26 16:35:42,35,64.8,63.47,1.33,5.0,4.97,0.4682,0.1714,0.0,0.0,0,0
2025-08-26 16:35:42,36,64.74,63.42,1.32,5.0,4.97,0.4872,0.1844,0.0,0.0,0,0
2025-08-26 16:35:43,37,63.96,62.69,1.27,5.02,4.97,0.5076,0.1958,0.0,0.0,0,0
2025-08-26 16:35:43,38,64.02,62.74,1.27,5.0,4.97,0.5226,0.2047,0.0,0.0,0,0
2025-08-26 16:35:43,39,64.17,62.91,1.26,5.0,4.97,0.5413,0.2214,0.0,0.0,0,0
2025-08-26 16:35:43,40,64.09,62.84,1.25,5.0,4.97,0.5549,0.2276,0.0,0.0,0,0
2025-08-26 16:35:43,41,61.56,59.87,1.69,5.07,4.97,0.5527,0.2245,0.0,0.0,0,0
2025-08-26 16:35:44,42,52.56,51.32,1.24,5.23,4.98,0.5503,0.2208,0.0,0.0,0,0
2025-08-26 16:35:44,43,64.19,62.67,1.52,4.71,4.97,0.5565,0.2292,0.0,0.0,0,0
2025-08-26 16:35:44,44,66.45,64.8,1.66,4.96,4.97,0.5687,0.226,0.0209,0.0,38,0
2025-08-26 16:35:44,45,64.26,62.67,1.59,5.05,4.97,0.581,0.2203,0.0994,0.0,182,0
2025-08-26 16:35:44,46,67.29,65.81,1.48,4.93,4.97,0.5807,0.2214,0.1008,0.0,185,0
2025-08-26 16:35:45,47,67.29,65.79,1.5,5.0,4.97,0.5712,0.2219,0.0263,0.0,48,0
2025-08-26 16:35:45,48,67.39,65.93,1.46,5.0,4.97,0.5747,0.2172,0.0386,0.0,71,0
2025-08-26 16:35:45,49,67.87,66.38,1.49,4.99,4.97,0.5497,0.2052,0.0,0.0,0,0
2025-08-26 16:35:45,50,66.44,65.25,1.19,5.04,4.98,0.494,0.1922,0.0,0.0,0,0
2025-08-26 16:35:45,51,64.13,62.9,1.23,5.06,4.98,0.4497,0.1792,0.0,0.0,0,0
2025-08-26 16:35:46,52,64.03,62.75,1.28,5.01,4.98,0.4584,0.1703,0.0,0.0,0,0
2025-08-26 16:35:46,53,64.03,62.8,1.23,4.99,4.98,0.5003,0.1693,0.0,0.0,0,0
2025-08-26 16:35:46,54,64.16,62.93,1.24,5.0,4.98,0.5399,0.1536,0.0,0.0,0,0
2025-08-26 16:35:46,55,64.2,62.94,1.26,5.0,4.98,0.5546,0.1677,0.0,0.0,0,0
2025-08-26 16:35:46,56,64.77,63.51,1.27,4.99,4.98,0.5582,0.1693,0.0,0.0,0,0
2025-08-26 16:35:47,57,63.78,62.54,1.24,5.02,4.98,0.547,0.1833,0.0,0.0,0,0
2025-08-26 16:35:47,58,64.03,62.79,1.24,4.99,4.98,0.5511,0.1891,0.0,0.0,0,0
2025-08-26 16:35:47,59,63.79,62.53,1.26,5.02,4.98,0.5606,0.1979,0.0,0.0,0,0
2025-08-26 16:35:47,60,49.17,49.1,0.07,5.4,5.06,,,,,,
2025-08-26 16:35:47,61,54.02,53.95,0.07,4.85,5.07,,,,,,
2025-08-26 16:35:48,62,45.97,45.93,0.04,5.23,5.01,,,,,,
2025-08-26 16:35:48,63,48.86,48.8,0.07,4.92,5.01,,,,,,
2025-08-26 16:35:48,64,54.17,54.08,0.09,4.86,5.0,,,,,,
2025-08-26 16:35:48,65,57.07,57.0,0.06,4.94,5.01,,,,,,
2025-08-26 16:35:48,66,57.52,57.45,0.07,4.99,5.01,,,,,,
2025-08-26 16:35:49,67,48.78,48.71,0.07,5.25,5.01,,,,,,
2025-08-26 16:35:49,68,54.22,54.15,0.07,4.86,5.01,,,,,,
2025-08-26 16:35:49,69,54.89,54.83,0.07,4.97,5.01,,,,,,
2025-08-26 16:35:49,70,56.88,56.8,0.07,4.95,5.01,,,,,,
2025-08-26 16:35:49,71,56.82,56.75,0.07,4.99,5.01,,,,,,
2025-08-26 16:35:50,72,57.67,57.6,0.07,4.99,5.0,,,,,,
2025-08-26 16:35:50,73,48.9,48.84,0.07,5.25,5.01,,,,,,
2025-08-26 16:35:50,74,54.25,54.18,0.07,4.86,5.01,,,,,,
2025-08-26 16:35:50,75,56.97,56.91,0.07,4.92,5.01,,,,,,
2025-08-26 16:35:50,76,56.91,56.84,0.07,5.02,5.01,,,,,,
2025-08-26 16:35:51,77,72.46,70.79,1.68,4.62,5.0,0.4163,0.1911,0.0,0.0,0,0
2025-08-26 16:35:51,78,68.78,67.12,1.65,5.12,5.0,0.4155,0.1885,0.0,0.0,0,0
2025-08-26 16:35:51,79,67.93,66.41,1.52,5.02,5.0,0.419,0.1656,0.0,0.0,0,0
2025-08-26 16:35:51,80,66.77,65.36,1.42,5.04,5.0,0.4217,0.1531,0.0,0.0,0,0
2025-08-26 16:35:51,81,66.75,65.47,1.28,4.99,5.0,0.4405,0.1536,0.0,0.0,0,0
2025-08-26 16:35:52,82,66.91,65.38,1.53,5.01,5.0,0.4734,0.1849,0.0,0.0,0,0
2025-08-26 16:35:52,83,66.75,65.38,1.37,5.0,5.0,0.4826,0.1823,0.0,0.0,0,0
2025-08-26 16:35:52,84,66.74,65.33,1.41,5.11,5.0,0.4633,0.1922,0.0,0.0,0,0
2025-08-26 16:35:52,85,67.25,66.0,1.26,4.98,5.0,0.4666,0.1839,0.0,0.0,0,0
2025-08-26 16:35:52,86,52.09,52.02,0.07,5.42,5.01,,,,,,
2025-08-26 16:35:53,87,53.78,53.71,0.07,4.87,5.01,,,,,,
2025-08-26 16:35:53,88,53.74,53.67,0.07,5.01,5.01,,,,,,
2025-08-26 16:35:53,89,73.29,71.64,1.65,4.53,5.0,0.4712,0.201,0.0,0.0,0,0
2025-08-26 16:35:53,90,68.31,67.08,1.23,5.27,5.01,0.4579,0.2078,0.0,0.0,0,0
2025-08-26 16:35:53,91,69.45,67.79,1.66,4.96,5.0,0.4546,0.2292,0.0,0.0,0,0
2025-08-26 16:35:54,92,67.53,65.97,1.56,5.05,5.01,0.4562,0.2276,0.0,0.0,0,0
2025-08-26 16:35:54,93,64.59,63.0,1.59,5.08,5.01,0.4582,0.2281,0.0,0.0,0,0
2025-08-26 16:35:54,94,65.93,64.65,1.28,5.02,5.01,0.4592,0.2266,0.0,0.0,0,0
2025-08-26 16:35:54,95,66.55,65.0,1.55,4.93,5.0,0.4652,0.2281,0.0,0.0,0,0
2025-08-26 16:35:54,96,66.79,65.37,1.42,4.99,5.0,0.463,0.2281,0.0,0.0,0,0
2025-08-26 16:35:55,97,66.78,65.29,1.49,5.01,5.0,0.4587,0.2292,0.0,0.0,0,0
2025-08-26 16:35:55,98,66.93,65.42,1.51,5.0,5.0,0.4636,0.2276,0.0,0.0,0,0
2025-08-26 16:35:55,99,64.95,63.74,1.21,5.04,5.01,0.4573,0.2297,0.0,0.0,0,0
2025-08-26 16:35:55,100,63.42,62.19,1.23,5.05,5.01,0.4603,0.225,0.0,0.0,0,0
2025-08-26 16:35:55,101,62.97,61.72,1.24,5.01,5.0,0.4592,0.2115,0.0,0.0,0,0
2025-08-26 16:35:56,102,63.99,62.76,1.23,4.98,5.0,0.4609,0.2198,0.0,0.0,0,0
2025-08-26 16:35:56,103,64.0,62.74,1.27,5.0,5.01,0.4584,0.2172,0.0,0.0,0,0
2025-08-26 16:35:56,104,61.9,60.71,1.18,5.04,5.01,0.463,0.2245,0.0,0.0,0,0
2025-08-26 16:35:56,105,64.13,62.89,1.24,4.93,5.0,0.4617,0.226,0.0,0.0,0,0
2025-08-26 16:35:56,106,64.79,63.48,1.3,5.0,5.01,0.4677,0.225,0.0,0.0,0,0
2025-08-26 16:35:57,107,64.51,63.27,1.24,5.01,5.01,0.4707,0.2234,0.0,0.0,0,0
2025-08-26 16:35:57,108,63.97,62.74,1.23,4.99,5.01,0.4715,0.224,0.0,0.0,0,0
2025-08-26 16:35:57,109,54.89,53.66,1.22,5.28,5.01,0.4709,0.2229,0.0,0.0,0,0
2025-08-26 16:35:57,110,66.83,65.25,1.58,4.72,5.01,0.4679,0.2161,0.0,0.0,0,0
2025-08-26 16:35:57,111,66.85,65.38,1.47,4.99,5.0,0.4666,0.2109,0.0,0.0,0,0
2025-08-26 16:35:58,112,66.84,65.42,1.42,5.0,5.0,0.4639,0.1635,0.0,0.0,0,0
2025-08-26 16:35:58,113,66.62,65.28,1.34,4.99,5.0,0.4655,0.1323,0.0,0.0,0,0
2025-08-26 16:35:58,114,63.9,62.65,1.24,5.07,5.01,0.4647,0.124,0.0,0.0,0,0
2025-08-26 16:35:58,115,66.3,64.7,1.6,4.95,5.01,0.4587,0.1229,0.0,0.0,0,0
2025-08-26 16:35:58,116,52.24,51.04,1.2,5.39,5.01,0.4595,0.1245,0.0,0.0,0,0
2025-08-26 16:35:59,117,63.73,62.51,1.22,4.71,5.01,0.4693,0.124,0.0,0.0,0,0
2025-08-26 16:35:59,118,64.03,62.8,1.23,5.0,5.01,0.4688,0.1266,0.0,0.0,0,0
2025-08-26 16:35:59,119,62.67,61.13,1.54,5.02,5.01,0.4745,0.1292,0.0,0.0,0,0
2025-08-26 16:35:59,120,63.91,62.68,1.24,4.99,5.0,0.4734,0.1323,0.0,0.0,0,0
2025-08-26 16:35:59,121,63.84,62.19,1.65,4.97,5.0,0.4742,0.1323,0.0,0.0,0,0
2025-08-26 16:36:00,122,66.18,64.55,1.63,4.97,5.0,0.4783,0.1349,0.0,0.0,0,0
2025-08-26 16:36:00,123,66.64,65.18,1.46,4.98,5.0,0.4788,0.137,0.0,0.0,0,0
2025-08-26 16:36:00,124,63.72,62.48,1.24,5.08,5.0,0.4742,0.1401,0.0,0.0,0,0
2025-08-26 16:36:00,125,66.48,65.16,1.33,4.92,5.0,0.469,0.1427,0.0,0.0,0,0
2025-08-26 16:36:00,126,67.12,65.68,1.45,5.0,5.0,0.4717,0.1453,0.0,0.0,0,0
2025-08-26 16:36:01,127,67.88,66.28,1.61,4.98,5.0,0.4755,0.1521,0.0,0.0,0,0
2025-08-26 16:36:01,128,67.36,66.1,1.26,5.01,5.0,0.4745,0.1578,0.0,0.0,0,0
2025-08-26 16:36:01,129,59.87,58.62,1.26,5.18,5.0,0.4772,0.1609,0.0,0.0,0,0
2025-08-26 16:36:01,130,64.15,62.63,1.52,4.92,5.0,0.4894,0.1656,0.0,0.0,0,0
2025-08-26 16:36:01,131,67.3,65.72,1.58,4.91,5.0,0.4891,0.1682,0.0,0.0,0,0
2025-08-26 16:36:02,132,66.15,64.72,1.43,5.02,5.0,0.4984,0.1786,0.0,0.0,0,0
2025-08-26 16:36:02,133,64.11,62.5,1.61,5.06,5.0,0.5052,0.2057,0.0,0.0,0,0
2025-08-26 16:36:02,134,60.09,58.44,1.65,5.1,5.0,0.4981,0.2125,0.0,0.0,0,0
2025-08-26 16:36:02,135,66.09,64.49,1.6,4.85,5.0,0.4913,0.2255,0.0,0.0,0,0
2025-08-26 16:36:02,136,66.65,65.24,1.41,4.98,5.0,0.4864,0.2276,0.0,0.0,0,0
2025-08-26 16:36:03,137,63.35,62.1,1.25,5.08,5.01,0.4807,0.2286,0.0,0.0,0,0
2025-08-26 16:36:03,138,63.43,62.08,1.35,5.02,5.01,0.4788,0.2286,0.0,0.0,0,0
2025-08-26 16:36:03,139,60.0,58.76,1.24,5.08,5.01,0.4842,0.2307,0.0,0.0,0,0
2025-08-26 16:36:03,140,66.18,64.64,1.54,4.84,5.01,0.4832,0.2344,0.0,0.0,0,0
2025-08-26 16:36:03,141,52.03,50.81,1.22,5.39,5.01,0.4899,0.2365,0.0,0.0,0,0
2025-08-26 16:36:04,142,66.52,64.95,1.56,4.67,5.01,0.5065,0.2344,0.0,0.0,0,0
2025-08-26 16:36:04,143,63.33,62.06,1.26,5.08,5.01,0.5179,0.2276,0.0,0.0,0,0
2025-08-26 16:36:04,144,62.85,61.62,1.23,5.01,5.01,0.528,0.2354,0.0,0.0,0,0
2025-08-26 16:36:04,145,63.99,62.45,1.53,4.97,5.01,0.5253,0.2344,0.0,0.0,0,0
2025-08-26 16:36:04,146,68.19,67.03,1.16,4.9,5.0,0.5236,0.225,0.0,0.0,0,0
2025-08-26 16:36:05,147,54.14,52.93,1.22,5.5,5.01,0.5274,0.2276,0.0,0.0,0,0
2025-08-26 16:36:05,148,66.24,64.62,1.62,4.71,5.0,0.534,0.2333,0.0,0.0,0,0
2025-08-26 16:36:05,149,66.38,65.11,1.27,4.98,5.01,0.5408,0.2354,0.0,0.0,0,0
2025-08-26 16:36:05,150,66.06,64.51,1.55,4.92,5.0,0.5416,0.2349,0.0,0.0,0,0
2025-08-26 16:36:05,151,52.05,50.85,1.2,5.4,5.01,0.5429,0.2307,0.0,0.0,0,0
2025-08-26 16:36:06,152,66.12,64.51,1.61,4.66,5.01,0.5242,0.225,0.0,0.0,0,0
2025-08-26 16:36:06,153,63.28,62.04,1.24,5.16,5.01,0.512,0.2083,0.0,0.0,0,0
2025-08-26 16:36:06,154,63.15,61.87,1.27,5.01,5.01,0.4946,0.1823,0.0,0.0,0,0
2025-08-26 16:36:06,155,63.05,61.81,1.24,5.0,5.01,0.4674,0.1536,0.0,0.0,0,0
2025-08-26 16:36:06,156,52.13,50.93,1.2,5.3,5.01,0.4226,0.1432,0.0,0.0,0,0
2025-08-26 16:36:07,157,66.05,64.57,1.47,4.66,5.01,0.3785,0.1458,0.0,0.0,0,0
2025-08-26 16:36:07,158,63.16,61.82,1.34,5.09,5.01,0.3421,0.1411,0.0,0.0,0,0
2025-08-26 16:36:07,159,63.07,61.82,1.25,4.99,5.01,0.3361,0.1234,0.0,0.0,0,0
2025-08-26 16:36:07,160,63.05,61.67,1.38,5.01,5.01,0.3394,0.1359,0.0,0.0,0,0
2025-08-26 16:36:07,161,63.4,62.16,1.24,4.98,5.01,0.3372,0.1464,0.0,0.0,0,0
2025-08-26 16:36:08,162,63.95,62.74,1.21,4.99,5.01,0.2696,0.1448,0.0,0.0,0,0
2025-08-26 16:36:08,163,63.37,62.11,1.26,5.01,5.01,0.2726,0.1453,0.0,0.0,0,0
2025-08-26 16:36:08,164,63.17,61.91,1.25,5.0,5.01,0.2804,0.1375,0.0,0.0,0,0
2025-08-26 16:36:08,165,63.07,61.83,1.24,5.0,5.01,0.2832,0.1344,0.0,0.0,0,0
2025-08-26 16:36:08,166,63.21,61.93,1.28,5.01,5.01,0.2791,0.1297,0.0,0.0,0,0
2025-08-26 16:36:09,167,64.31,63.06,1.25,4.97,5.01,0.2791,0.1302,0.0,0.0,0,0
2025-08-26 16:36:09,168,63.24,61.94,1.3,5.03,5.01,0.2777,0.1339,0.0,0.0,0,0
2025-08-26 16:36:09,169,63.53,61.8,1.73,4.97,5.0,0.2845,0.1354,0.0,0.0,0,0
2025-08-26 16:36:09,170,67.27,66.07,1.2,4.92,5.01,0.3073,0.1271,0.0,0.0,0,0
2025-08-26 16:36:09,171,66.97,65.67,1.3,5.01,5.01,0.3448,0.1271,0.0,0.0,0,0
2025-08-26 16:36:10,172,54.99,53.75,1.24,5.33,5.01,0.4011,0.113,0.0,0.0,0,0
2025-08-26 16:36:10,173,68.84,67.21,1.63,4.66,5.01,0.4734,0.113,0.0,0.0,0,0
2025-08-26 16:36:10,174,66.48,65.18,1.29,5.06,5.01,0.5508,0.1208,0.0,0.0,0,0
2025-08-26 16:36:10,175,66.43,65.21,1.23,5.0,5.01,0.6106,0.125,0.0119,0.0,21,0
2025-08-26 16:36:10,176,66.74,65.52,1.22,4.98,5.0,0.6462,0.1292,0.3115,0.0,573,0
2025-08-26 16:36:11,177,63.61,62.42,1.19,5.09,5.01,0.663,0.1224,0.4235,0.0,779,0
2025-08-26 16:36:11,178,63.74,62.55,1.19,5.0,5.01,0.6701,0.1135,0.4499,0.0,827,0
2025-08-26 16:36:11,179,63.92,62.74,1.19,4.99,5.01,0.691,0.1198,0.639,0.0,1175,0
2025-08-26 16:36:11,180,63.73,62.54,1.2,5.01,5.01,0.7054,0.1182,0.7491,0.0,1378,0
2025-08-26 16:36:11,181,63.64,62.44,1.2,5.0,5.01,0.7266,0.1172,0.9155,0.0,1684,0
2025-08-26 16:36:12,182,63.58,62.39,1.19,5.01,5.01,0.7391,0.1177,1.0,0.0,1840,0
2025-08-26 16:36:12,183,63.55,62.36,1.19,4.99,5.01,0.7359,0.1151,0.9824,0.0,1807,0
2025-08-26 16:36:12,184,63.68,62.49,1.2,5.01,5.01,0.7136,0.1172,0.8109,0.0,1492,0
2025-08-26 16:36:12,185,63.64,62.47,1.17,4.99,5.01,0.6745,0.1245,0.5221,0.0,960,0
2025-08-26 16:36:12,186,63.66,62.49,1.17,5.0,5.01,0.6008,0.1443,0.0,0.0,0,0
2025-08-26 16:36:13,187,60.74,59.53,1.21,5.07,5.01,0.5242,0.1698,0.0,0.0,0,0
2025-08-26 16:36:13,188,66.59,65.36,1.23,4.86,5.01,0.4584,0.1865,0.0,0.0,0,0
2025-08-26 16:36:13,189,66.46,65.23,1.24,5.0,5.0,0.4245,0.1974,0.0,0.0,0,0
2025-08-26 16:36:13,190,66.58,65.35,1.23,5.0,5.01,0.4041,0.212,0.0,0.0,0,0
2025-08-26 16:36:13,191,66.49,65.26,1.24,5.0,5.01,0.4071,0.2036,0.0,0.0,0,0
2025-08-26 16:36:14,192,66.46,65.18,1.28,5.0,5.01,0.403,0.212,0.0,0.0,0,0
2025-08-26 16:36:14,193,66.54,65.31,1.23,4.99,5.01,0.4054,0.2193,0.0,0.0,0,0
2025-08-26 16:36:14,194,66.67,65.44,1.23,5.0,5.0,0.4057,0.2151,0.0,0.0,0,0
2025-08-26 16:36:14,195,66.53,65.3,1.23,5.0,5.01,0.4128,0.2104,0.0,0.0,0,0
2025-08-26 16:36:14,196,66.56,65.32,1.24,5.01,5.01,0.4274,0.1995,0.0,0.0,0,0
2025-08-26 16:36:15,197,63.57,62.39,1.18,5.08,5.01,0.4511,0.2083,0.0,0.0,0,0
2025-08-26 16:36:15,198,63.57,62.38,1.19,4.99,5.01,0.481,0.2026,0.0,0.0,0,0
2025-08-26 16:36:15,199,63.49,62.3,1.19,5.0,5.0,0.5147,0.2047,0.0,0.0,0,0
2025-08-26 16:36:15,200,63.43,62.24,1.19,5.01,5.01,0.5149,0.2099,0.0,0.0,0,0
2025-08-26 16:36:15,201,63.44,62.25,1.19,4.99,5.0,0.5011,0.1969,0.0,0.0,0,0
2025-08-26 16:36:16,202,63.78,62.6,1.18,5.0,5.01,0.5851,0.1922,0.0362,0.0,66,0
2025-08-26 16:36:16,203,63.56,62.39,1.17,5.0,5.0,0.5864,0.1812,0.0098,0.0,18,0
2025-08-26 16:36:16,204,63.58,62.4,1.18,5.0,5.0,0.588,0.1891,0.0495,0.0,91,0
2025-08-26 16:36:16,205,63.68,62.5,1.18,4.99,5.01,0.5796,0.1828,0.0,0.0,0,0
2025-08-26 16:36:16,206,63.69,62.52,1.18,5.01,5.01,0.5837,0.2005,0.0537,0.0,98,0
2025-08-26 16:36:17,207,63.51,62.33,1.18,5.0,5.0,0.5258,0.2031,0.0,0.0,0,0
2025-08-26 16:36:17,208,64.02,62.83,1.19,5.0,5.0,0.4576,0.2047,0.0,0.0,0,0
2025-08-26 16:36:17,209,63.99,62.79,1.2,5.0,5.0,0.3867,0.2026,0.0,0.0,0,0
2025-08-26 16:36:17,210,64.04,62.85,1.19,4.99,5.0,0.3845,0.2005,0.0,0.0,0,0
2025-08-26 16:36:17,211,63.45,62.26,1.18,5.11,5.0,0.4014,0.2031,0.0,0.0,0,0
2025-08-26 16:36:18,212,63.72,62.52,1.19,5.0,5.01,0.3959,0.2146,0.0,0.0,0,0
2025-08-26 16:36:18,213,63.46,62.29,1.17,4.91,5.0,0.3117,0.2073,0.0,0.0,0,0
2025-08-26 16:36:18,214,63.74,62.56,1.19,5.01,5.0,0.3084,0.2042,0.0,0.0,0,0
2025-08-26 16:36:18,215,63.65,62.45,1.2,4.99,5.0,0.2995,0.213,0.0,0.0,0,0
2025-08-26 16:36:18,216,63.76,62.58,1.18,5.0,5.0,0.2951,0.2042,0.0,0.0,0,0
2025-08-26 16:36:19,217,63.64,62.45,1.19,5.1,5.0,0.3054,0.2073,0.0,0.0,0,0
2025-08-26 16:36:19,218,64.04,62.82,1.22,5.0,5.0,0.3158,0.1896,0.0,0.0,0,0
2025-08-26 16:36:19,219,63.89,62.7,1.19,5.0,5.0,0.3266,0.188,0.0,0.0,0,0
2025-08-26 16:36:19,220,63.56,62.39,1.17,5.0,5.0,0.3473,0.1859,0.0,0.0,0,0
2025-08-26 16:36:19,221,63.89,62.72,1.17,5.0,5.0,0.3821,0.1844,0.0,0.0,0,0
2025-08-26 16:36:20,222,63.6,62.4,1.2,5.01,5.0,0.4372,0.1938,0.0,0.0,0,0
2025-08-26 16:36:20,223,63.79,62.6,1.19,4.99,5.0,0.4943,0.1948,0.0,0.0,0,0
2025-08-26 16:36:20,224,63.81,62.64,1.17,5.01,5.0,0.5364,0.1859,0.0,0.0,0,0
2025-08-26 16:36:20,225,63.58,62.41,1.17,5.0,5.0,0.5783,0.1797,0.0,0.0,0,0
2025-08-26 16:36:20,226,57.21,56.0,1.2,5.18,5.01,0.613,0.1812,0.2233,0.0,410,0
2025-08-26 16:36:21,227,51.96,50.8,1.16,5.15,5.01,0.6304,0.1948,0.4089,0.0,752,0
2025-08-26 16:36:21,228,66.02,64.49,1.53,4.66,5.0,0.641,0.1917,0.4832,0.0,889,0
2025-08-26 16:36:21,229,67.18,65.67,1.51,4.97,5.0,0.6432,0.2042,0.5432,0.0,999,0
2025-08-26 16:36:21,230,67.27,65.62,1.65,5.0,5.0,0.6427,0.2062,0.546,0.0,1004,0
2025-08-26 16:36:21,231,65.86,64.3,1.56,5.04,5.0,0.6413,0.2104,0.5493,0.0,1010,0
2025-08-26 16:36:22,232,66.18,64.68,1.5,4.99,5.0,0.6332,0.2073,0.4733,0.0,870,0
2025-08-26 16:36:22,233,66.07,64.64,1.43,5.0,5.0,0.6255,0.2089,0.4176,0.0,768,0
2025-08-26 16:36:22,234,63.11,61.89,1.23,5.07,5.0,0.6231,0.2172,0.4264,0.0,784,0
2025-08-26 16:36:22,235,63.39,62.12,1.27,5.0,5.0,0.6065,0.2776,0.4995,0.0,919,0
2025-08-26 16:36:22,236,63.35,62.04,1.31,5.01,5.0,0.5807,0.3391,0.5021,0.0,923,0
2025-08-26 16:36:23,237,63.09,61.79,1.31,5.0,5.0,0.5508,0.3651,0.3513,0.0,646,0
2025-08-26 16:36:23,238,63.97,62.75,1.23,4.98,5.0,0.5326,0.3656,0.2071,0.0,381,0
2025-08-26 16:36:23,239,63.36,62.18,1.19,5.0,5.0,0.5149,0.3708,0.0832,0.0,153,0
2025-08-26 16:36:23,240,63.12,61.93,1.19,5.0,5.0,0.5052,0.3646,0.0,0.0,0,0
2025-08-26 16:36:23,241,66.09,64.86,1.23,4.93,5.0,0.4973,0.3578,0.0,0.0,0,0
2025-08-26 16:36:24,242,64.09,62.86,1.23,5.06,5.0,0.4921,0.3609,0.0,0.0,0,0
2025-08-26 16:36:24,243,62.07,60.41,1.66,5.06,5.0,0.4872,0.3641,0.0,0.0,0,0
2025-08-26 16:36:24,244,63.99,62.49,1.5,4.95,5.0,0.4842,0.3516,0.0,0.0,0,0
2025-08-26 16:36:24,245,64.13,62.61,1.52,5.04,5.0,0.4723,0.287,0.0,0.0,0,0
2025-08-26 16:36:24,246,64.2,63.01,1.2,4.96,5.0,0.4541,0.2245,0.0,0.0,0,0
2025-08-26 16:36:25,247,64.09,62.51,1.59,5.0,5.0,0.4435,0.1828,0.0,0.0,0,0
2025-08-26 16:36:25,248,67.58,65.92,1.66,4.91,5.0,0.4318,0.1807,0.0,0.0,0,0
2025-08-26 16:36:25,249,65.92,64.47,1.45,5.04,5.0,0.413,0.1906,0.0,0.0,0,0
2025-08-26 16:36:25,250,64.98,63.82,1.16,5.03,5.0,0.4046,0.1964,0.0,0.0,0,0
2025-08-26 16:36:25,251,50.4,49.24,1.16,5.4,5.01,0.3951,0.2062,0.0,0.0,0,0
2025-08-26 16:36:26,252,54.91,53.68,1.23,4.89,5.01,0.3937,0.2099,0.0,0.0,0,0
2025-08-26 16:36:26,253,65.93,64.69,1.25,4.72,5.0,0.3861,0.2094,0.0,0.0,0,0
2025-08-26 16:36:26,254,65.97,64.7,1.27,5.0,5.0,0.391,0.2135,0.0,0.0,0,0
2025-08-26 16:36:26,255,52.82,51.65,1.16,5.38,5.01,0.3902,0.2026,0.0,0.0,0,0
2025-08-26 16:36:26,256,63.81,62.59,1.21,4.73,5.01,0.3978,0.1958,0.0,0.0,0,0
2025-08-26 16:36:27,257,63.27,61.86,1.42,5.01,5.0,0.4147,0.174,0.0,0.0,0,0
2025-08-26 16:36:27,258,63.28,61.85,1.43,5.01,5.0,0.4432,0.1313,0.0,0.0,0,0
2025-08-26 16:36:27,259,63.18,61.95,1.22,5.0,5.0,0.4617,0.0979,0.0,0.0,0,0
2025-08-26 16:36:27,260,62.33,60.68,1.65,5.02,5.0,0.4769,0.0797,0.0,0.0,0,0
2025-08-26 16:36:27,261,63.06,61.86,1.2,4.97,5.0,0.4905,0.0589,0.0,0.0,0,0
2025-08-26 16:36:28,262,63.25,61.98,1.27,4.99,5.0,0.5049,0.0542,0.0,0.0,0,0
2025-08-26 16:36:28,263,63.31,62.05,1.26,5.02,5.0,0.5177,0.0563,0.0,0.0,0,0
2025-08-26 16:36:28,264,63.18,61.96,1.23,5.0,5.0,0.5236,0.0609,0.0,0.0,0,0
2025-08-26 16:36:28,265,61.46,59.84,1.61,5.03,5.0,0.5242,0.0797,0.0,0.0,0,0
2025-08-26 16:36:28,266,63.33,62.11,1.22,4.95,5.0,0.5212,0.0484,0.0,0.0,0,0
2025-08-26 16:36:29,267,63.47,62.07,1.39,5.0,5.0,0.5082,0.137,0.0,0.0,0,0
2025-08-26 16:36:29,268,63.49,62.17,1.32,5.01,5.0,0.4913,0.2865,0.0,0.0,0,0
2025-08-26 16:36:29,269,63.29,62.07,1.23,5.0,5.0,0.4785,0.3661,0.0,0.0,0,0
2025-08-26 16:36:29,270,62.18,60.55,1.63,5.03,5.0,0.4704,0.4297,0.0,0.0,0,0
2025-08-26 16:36:29,271,63.26,62.05,1.21,4.97,5.0,0.4587,0.4599,0.0,0.0,0,0
2025-08-26 16:36:30,272,63.36,62.13,1.23,5.0,5.0,0.4522,0.4682,0.0,0.0,0,0
2025-08-26 16:36:30,273,63.26,62.01,1.26,5.0,5.0,0.4421,0.4594,0.0,0.0,0,0
2025-08-26 16:36:30,274,63.21,62.0,1.2,5.0,5.0,0.4323,0.4411,0.0,0.0,0,0
2025-08-26 16:36:30,275,62.16,60.52,1.64,5.13,5.01,0.4231,0.4156,0.0,0.0,0,0
2025-08-26 16:36:30,276,54.6,53.37,1.24,5.1,5.01,0.4177,0.3953,0.0,0.0,0,0
2025-08-26 16:36:31,277,64.79,63.61,1.18,4.75,5.0,0.4084,0.3776,0.0,0.0,0,0
2025-08-26 16:36:31,278,66.71,65.47,1.23,4.94,5.0,0.4011,0.3568,0.0,0.0,0,0
2025-08-26 16:36:31,279,66.27,64.83,1.43,5.02,5.0,0.3957,0.3448,0.0,0.0,0,0
2025-08-26 16:36:31,280,61.98,60.37,1.6,5.22,5.01,0.3959,0.3443,0.0,0.0,0,0
2025-08-26 16:36:31,281,63.87,62.67,1.2,4.95,5.0,0.3937,0.3469,0.0,0.0,0,0
2025-08-26 16:36:32,282,63.44,62.21,1.23,5.01,5.0,0.3932,0.3531,0.0,0.0,0,0
2025-08-26 16:36:32,283,63.45,62.17,1.28,5.0,5.0,0.391,0.3583,0.0,0.0,0,0
2025-08-26 16:36:32,284,63.66,62.47,1.2,5.0,5.0,0.3918,0.3646,0.0,0.0,0,0
2025-08-26 16:36:32,285,64.08,62.93,1.14,4.89,5.0,0.3976,0.362,0.0,0.0,0,0
2025-08-26 16:36:32,286,55.15,53.93,1.22,5.32,5.01,0.4005,0.3688,0.0,0.0,0,0
2025-08-26 16:36:33,287,68.18,66.56,1.62,4.69,5.0,0.403,0.3755,0.0,0.0,0,0
2025-08-26 16:36:33,288,68.19,66.57,1.62,5.01,5.0,0.4008,0.3776,0.0,0.0,0,0
2025-08-26 16:36:33,289,68.47,66.84,1.63,4.99,5.0,0.3981,0.3797,0.0,0.0,0,0
2025-08-26 16:36:33,290,65.87,63.63,2.24,5.07,5.0,0.3973,0.3818,0.0,0.0,0,0
2025-08-26 16:36:33,291,71.22,70.05,1.16,4.87,5.0,0.3992,0.3818,0.0,0.0,0,0
2025-08-26 16:36:34,292,69.11,67.5,1.62,5.07,5.0,0.4014,0.3818,0.0,0.0,0,0
2025-08-26 16:36:34,293,67.28,66.05,1.23,5.04,5.0,0.4011,0.3844,0.0,0.0,0,0
2025-08-26 16:36:34,294,69.23,67.59,1.64,4.96,5.0,0.4008,0.3849,0.0,0.0,0,0
2025-08-26 16:36:34,295,66.44,65.22,1.22,5.06,5.0,0.3995,0.3823,0.0,0.0,0,0
2025-08-26 16:36:34,296,69.17,67.57,1.59,4.94,5.0,0.4024,0.3802,0.0,0.0,0,0
2025-08-26 16:36:35,297,69.09,67.57,1.52,4.99,5.0,0.4035,0.3729,0.0,0.0,0,0
2025-08-26 16:36:35,298,73.37,72.05,1.33,4.9,5.0,0.4068,0.375,0.0,0.0,0,0
2025-08-26 16:36:35,299,54.41,53.2,1.21,5.54,5.01,0.4073,0.3823,0.0,0.0,0,0
2025-08-26 16:36:35,300,63.23,61.71,1.52,4.79,5.01,0.4092,0.3833,0.0,0.0,0,0
2025-08-26 16:36:35,301,50.85,49.69,1.16,5.33,5.01,0.4101,0.3854,0.0,0.0,0,0
2025-08-26 16:36:36,302,66.64,65.19,1.45,4.63,5.01,0.4111,0.3823,0.0,0.0,0,0
2025-08-26 16:36:36,303,54.87,53.66,1.21,5.32,5.01,0.4109,0.3844,0.0,0.0,0,0
2025-08-26 16:36:36,304,67.37,66.14,1.23,4.7,5.01,0.4114,0.3839,0.0,0.0,0,0
2025-08-26 16:36:36,305,71.62,70.01,1.6,4.86,5.0,0.4117,0.3844,0.0,0.0,0,0
2025-08-26 16:36:36,306,70.83,69.64,1.19,5.04,5.0,0.4103,0.3812,0.0,0.0,0,0
2025-08-26 16:36:37,307,74.41,72.79,1.62,4.89,5.0,0.4095,0.3833,0.0,0.0,0,0
2025-08-26 16:36:37,308,66.94,65.75,1.19,5.22,5.01,0.4095,0.3839,0.0,0.0,0,0
2025-08-26 16:36:37,309,64.98,63.43,1.55,5.02,5.01,0.4041,0.3839,0.0,0.0,0,0
2025-08-26 16:36:37,310,64.39,63.23,1.16,5.03,5.01,0.4016,0.3854,0.0,0.0,0,0
2025-08-26 16:36:37,311,68.98,67.45,1.54,4.89,5.0,0.412,0.3839,0.0,0.0,0,0
2025-08-26 16:36:38,312,71.3,69.67,1.63,4.93,5.0,0.4261,0.3771,0.0,0.0,0,0
2025-08-26 16:36:38,313,71.32,69.71,1.61,5.0,5.0,0.4372,0.3786,0.0,0.0,0,0
2025-08-26 16:36:38,314,75.51,73.91,1.6,4.9,5.0,0.4467,0.374,0.0,0.0,0,0
2025-08-26 16:36:38,315,74.41,72.82,1.6,5.03,5.0,0.4495,0.3755,0.0,0.0,0,0
2025-08-26 16:36:38,316,66.32,64.68,1.64,5.22,5.0,0.45,0.3703,0.0,0.0,0,0
2025-08-26 16:36:39,317,67.34,66.14,1.2,4.96,5.0,0.4457,0.3693,0.0,0.0,0,0
2025-08-26 16:36:39,318,70.94,69.32,1.62,4.91,5.0,0.4424,0.3682,0.0,0.0,0,0
2025-08-26 16:36:39,319,74.75,73.14,1.61,4.89,5.0,0.4389,0.3719,0.0,0.0,0,0
2025-08-26 16:36:39,320,71.36,69.75,1.61,5.11,5.0,0.4372,0.3724,0.0,0.0,0,0
2025-08-26 16:36:39,321,55.36,54.16,1.19,5.44,5.01,0.4361,0.3724,0.0,0.0,0,0
2025-08-26 16:36:40,322,71.26,69.64,1.62,4.62,5.0,0.4342,0.376,0.0,0.0,0,0
2025-08-26 16:36:40,323,75.13,73.51,1.63,4.89,5.0,0.4323,0.374,0.0,0.0,0,0
2025-08-26 16:36:40,324,68.39,66.82,1.57,5.19,5.0,0.4299,0.375,0.0,0.0,0,0
2025-08-26 16:36:40,325,67.87,66.5,1.38,5.0,5.0,0.4283,0.375,0.0,0.0,0,0
2025-08-26 16:36:40,326,71.86,70.23,1.63,4.91,5.0,0.4285,0.3745,0.0,0.0,0,0
2025-08-26 16:36:41,327,68.31,66.82,1.49,5.08,5.0,0.428,0.3745,0.0,0.0,0,0
2025-08-26 16:36:41,328,68.2,66.61,1.59,5.01,5.0,0.4304,0.3729,0.0,0.0,0,0
2025-08-26 16:36:41,329,68.19,66.6,1.59,5.0,5.0,0.4264,0.375,0.0,0.0,0,0
2025-08-26 16:36:41,330,68.11,66.5,1.6,5.01,5.0,0.416,0.3786,0.0,0.0,0,0
2025-08-26 16:36:41,331,70.5,68.33,2.16,5.0,5.0,0.4076,0.3839,0.0,0.0,0,0
2025-08-26 16:36:42,332,60.25,57.68,2.57,5.25,5.01,0.4071,0.3818,0.0,0.0,0,0
2025-08-26 16:36:42,333,67.25,65.66,1.59,4.78,5.01,0.4054,0.3854,0.0,0.0,0,0
2025-08-26 16:36:42,334,57.67,57.6,0.07,5.31,5.01,,,,,,
2025-08-26 16:36:42,335,64.6,64.54,0.06,4.78,5.0,,,,,,
2025-08-26 16:36:42,336,70.25,69.08,1.17,4.86,5.0,0.4114,0.3667,0.0,0.0,0,0
2025-08-26 16:36:43,337,58.37,56.44,1.93,5.53,5.01,0.4092,0.374,0.0,0.0,0,0
2025-08-26 16:36:43,338,54.61,53.39,1.22,4.96,5.01,0.4109,0.3766,0.0,0.0,0,0
2025-08-26 16:36:43,339,70.44,68.76,1.69,4.58,5.01,0.4122,0.3724,0.0,0.0,0,0
2025-08-26 16:36:43,340,83.83,82.16,1.67,4.69,5.0,0.4065,0.3906,0.0,0.0,0,0
2025-08-26 16:36:43,341,79.87,78.25,1.62,5.15,5.0,0.4073,0.3953,0.0,0.0,0,0
2025-08-26 16:36:44,342,72.73,70.79,1.94,5.13,5.0,0.409,0.3974,0.0,0.0,0,0
2025-08-26 16:36:44,343,77.42,75.76,1.65,5.0,5.0,0.4109,0.3974,0.0,0.0,0,0
2025-08-26 16:36:44,344,57.87,57.81,0.07,5.56,5.01,,,,,,
2025-08-26 16:36:44,345,57.72,57.65,0.06,4.99,5.01,,,,,,
2025-08-26 16:36:44,346,59.95,59.88,0.07,4.97,5.01,,,,,,
2025-08-26 16:36:45,347,59.64,59.58,0.06,4.91,5.01,,,,,,
2025-08-26 16:36:45,348,60.23,60.18,0.05,4.99,5.01,,,,,,
